{"train_losses": [0.10990242322720438, 0.0440768743524975, 0.0322559007347628, 0.02972919772928784, 0.02536260968030632], "test_accuracies": [98.53, 98.64, 98.93, 98.98, 98.97]}